NaN,NaN
150.52,-5.2
150.17,-5.15
150.43,-5.25
150.37,-5.2
150.48,-5.35
150.08,-5.5
150.18,-5.05
150.45,-5.3833
150.22,-5.3
150.37,-5.2833
90.267,-0.5
90.267,-0.4
90.305,-0.75833
90.305,-0.74167
90.278,-0.75667
90.5,-0.55
90.233,-0.45
90.983,-0.98333
90.217,-0.48333
90.217,-0.48333
NaN,NaN
NaN,NaN
NaN,NaN
NaN,NaN
NaN,NaN
NaN,NaN
NaN,NaN
NaN,NaN
NaN,NaN
NaN,NaN
NaN,NaN
NaN,NaN
NaN,NaN
123.08,-4.1667
122.92,-4.5
105.85,-5.9567
110.51,-5.7883
127.5,-5.6167
105.23,-6.7167
105.18,-6.7667
120.86,-6.6295
121.07,-6.6167
121.05,-6.6167
121.05,-6.6167
121.05,-6.6167
121.29,-6.9147
128.22,-3.9667
114.77,-4.25
114.73,-4.1667
130.83,-2.5
135.9,-0.71667
114,-7.5333
114,-7.6667
114,-7.5167
114,-7.5833
115.57,-8.5333
115.02,-8.5833
115.07,-8.6333
115,-8.5333
115.33,-8.6333
114,-7.55
117.65,-8.4833
122.25,-10
119.67,-8.5667
119.67,-8.5333
119.67,-8.5333
122.12,-8.4667
119.58,-8.5833
119.58,-8.5833
122.5,-6.3667
115.82,-7.1
122.63,-10.833
105.43,-10.133
120,-10
122.8,-10.95
123.4,-10.183
134.6,-6.8833
115.62,-8.3
115.67,-8.4667
115.47,-8.6667
115.52,-8.65
115.65,-8.3167
115.52,-8.5667
115.5,-8.5833
115.5,-8.5833
115.53,-8.5833
115.13,-8.35
115.13,-8.7
115.28,-8.7833
115.02,-8.15
115.03,-8.15
115.05,-8.15
115.07,-8.15
115.22,-8.8
114.9,-8.1
114.5,-8.1667
129.92,-7.7167
129.92,-4.5833
129.83,-4.5
129.83,-4.5
129.83,-4.5
129.83,-4.5
98.521,-0.02917
114.02,-7.0167
119.63,-8.5333
119.58,-8.5333
119.6,-8.5333
119.7,-8.5333
119.87,-8.4167
119.6,-8.5333
119.67,-8.5
119.75,-8.5
119.63,-8.5333
119.07,-8.4167
121.67,-8.4833
122.33,-8.6
122.52,-8.5
119.5,-8.5333
121.6,-8.5
121.57,-8.5333
122.4,-8.4833
121.4,-8.4833
121.07,-8.3167
123,-8.3
125,-8.1833
136.2,-1.2667
136.2,-1.2667
132.18,-2.9667
134.63,-2.55
135.17,-3.3667
135.33,-3
135.05,-3.0025
135.09,-3.2883
135.07,-3.2262
131.15,-0.91667
106.87,-6.1167
106.52,-5.95
110.33,-5.8667
110.37,-5.8325
110.35,-5.875
110.51,-5.8237
110.4,-5.875
105.33,-6.75
106.43,-5.581
106.53,-5.6333
106.74,-6.045
106.62,-6
105.33,-6.75
105.33,-6.75
106.48,-5.5167
106.63,-5.8333
106.4,-5.4833
106.45,-5.4667
106.62,-5.8667
106.53,-5.5
106.53,-5.6333
106.53,-5.6333
106.53,-5.6333
106.53,-5.6333
106.53,-5.6333
106.48,-5.5405
106.57,-5.9683
106.83,-5.572
106.49,-5.599
106.52,-5.613
106.47,-5.6575
106.76,-6.0045
106.5,-5.725
106.5,-5.7927
106.43,-5.8378
106.69,-5.9233
106.53,-5.9593
106.61,-5.9683
106.48,-6.0045
106.75,-5.9908
106.86,-5.9683
106.85,-5.9413
106.86,-5.9683
106.87,-6.027
106.76,-6.054
106.75,-6.0315
106.79,-6.009
106.5,-5.5
106.6,-5.8667
106.6,-5.8667
106.58,-5.8833
106.6,-5.8667
106.6,-5.8667
106.63,-5.9
106.63,-5.8333
106.6,-5.9
106.62,-5.9167
106.5,-5.662
106.49,-5.545
106.73,-6.009
106.55,-5.3683
106.57,-5.7667
106.61,-5.75
106.6,-5.7417
106.6,-5.7333
106.6,-5.7333
106.55,-5.8167
106.5,-5.5
106.55,-5.5833
106.58,-5.55
106.59,-5.55
106.57,-5.5667
106.53,-5.6333
106.55,-5.45
106.55,-5.4417
NaN,NaN
106.56,-5.4333
106.55,-5.55
106.52,-5.5367
106.51,-5.5367
106.53,-5.4833
106.52,-5.5083
106.53,-5.5
106.52,-5.5
106.51,-5.5083
NaN,NaN
106.57,-5.6417
106.51,-5.5333
106.53,-5.5417
106.55,-5.6667
106.55,-5.6667
106.5,-5.25
106.54,-5.6
106.56,-5.55
106.53,-5.5583
106.54,-5.5817
106.54,-5.5767
106.53,-5.5917
106.57,-5.6
NaN,NaN
106.58,-5.6267
106.54,-5.6333
106.56,-5.6333
106.56,-5.6583
106.58,-5.6667
106.58,-5.6833
106.52,-5.6917
106.53,-5.6917
106.58,-5.7083
106.57,-5.5833
106.5,-5.5
106.5,-5.5
106.5,-5.5
106.5,-5.5
106.5,-5.5
106.55,-5.5917
106.5,-5.5
106.58,-5.7333
114.42,-7.8333
108.65,-7.7167
108.87,-7.75
110.03,-6.7667
105.5,-6.05
105.2,-6.6667
105.38,-6.1333
112.6,-7.15
114.75,-4.2833
119.55,-8.5667
119.58,-8.5833
116.05,-8.3833
116.05,-8.3833
115.9,-8.35
116.05,-8.3833
131.33,-7.9167
134.5,-7
127.97,-3.4667
127.88,-3.6667
127.88,-3.6833
127.92,-3.5667
128.17,-3.25
128.37,-3.5167
128.17,-3.6667
128.77,-3.5333
128.62,-3.5333
128.85,-3.6167
127.88,-3.7
128.17,-3.1833
128.17,-3.25
128.2,-3.75
128.25,-3.7167
128.15,-3.75
128.17,-3.75
129.83,-4.5
134.6,-6.1667
132.77,-5.75
132.73,-5.8333
132.5,-5.6667
132.83,-5.6167
132.77,-5.8667
132.8,-5.7167
133,-5.6667
134.23,-5.9333
127.83,-5.6667
127.83,-5.6667
127.6,-0.43333
130.55,-0.41667
121.1,-7.1057
122.4,-8.4167
130.83,-2.5
122.78,-10.8
123.18,-2.0333
123.18,-2.0333
123.18,-2.0333
123.18,-2.0333
123.18,-2.0333
123.5,-1.6667
123.23,-1.8333
123.83,-5.5833
123.78,-5.6
119.17,-5.5
119.17,-5
119.42,-5.6167
120.43,-6.0833
121.83,-0.83333
123.57,-5.4167
123.82,-5.5333
123.85,-5.5
123.52,-5.2833
123.6,-5.75
123.6,-5.75
123.6,-5.75
123.6,-5.75
123.89,-5.7532
124.18,-5.8
124.33,-5.4167
123,-4.5
124.37,-6.15
124.63,-6.2
124.95,-1.6333
99.717,-0.26667
105.57,-6
105.33,-5.5333
107.7,-2.8333
120.7,-9.8333
119.67,-8.6
117.48,-8.2667
117.93,-8.0833
123.37,-10.5
123.63,-10.15
123.33,-10.3
123.89,-10.058
122.8,-11
105.43,-6.7833
105.8,-6.3
99.617,-2.2
100.27,-2.9667
100.43,-3.2333
100.68,-3.4405
101.05,-3.9955
99.583,-1.9958
100.2,-1
100.23,-1.025
100.65,-1.7167
100.37,-1.025
100.17,-1.04
100.35,-1.0367
100.25,-1.0533
100.38,-1.0583
100.39,-1.0683
100.21,-1.0683
100.31,-1.08
100.32,-1.085
100.2,-1.1
100.37,-1.1167
100.37,-1.12
100.17,-1.1383
100.35,-1.1333
100.34,-1.15
100.33,-1.15
100.23,-1.1617
100.34,-1.1633
100.33,-1.2083
100.27,-1.2217
100.41,-1.225
100.39,-1.2167
100.4,-1.2367
100.36,-1.15
100.16,-1.005
100.3,-1.2683
98.4,-0.2
98.433,-0.16667
98.433,-0.48333
98.883,0
99.367,0
99.992,-0.91333
99.992,-0.76667
99.167,-0.5
99.383,-0.08333
99.333,-0.38333
99.417,-0.41667
99.683,-0.55
99.85,-0.48333
99.9,-0.43333
99.817,-0.43333
99.933,-0.53333
99.917,-0.65833
99.933,-0.68333
99.917,-0.51667
99.75,-0.5
99.333,-0.025
100.34,-0.93333
100.07,-0.83333
100.2,-0.88
100.3,-0.865
100.33,-0.90667
100.12,-0.925
100.24,-0.93333
100.14,-0.95167
100.22,-0.95333
100.23,-0.95833
100.23,-0.96667
100.2,-0.985
100.33,-0.99167
100.09,-0.88
100.05,-0.61667
100.08,-0.63333
98.633,-0.68333
NaN,NaN
NaN,NaN
NaN,NaN
NaN,NaN
NaN,NaN
NaN,NaN
NaN,NaN
NaN,NaN
NaN,NaN
NaN,NaN
NaN,NaN
NaN,NaN
NaN,NaN
121.85,-14.083
146.55,-13.883
122,-13.667
96.843,-12.095
147.17,-15.467
149.1,-17
145.78,-16
114.17,-21.85
148.88,-20.067
150.35,-18.167
142.12,-10
142.25,-9.9167
159.48,-30.867
152.13,-23.617
152.3,-23.8
152.37,-23.85
150.97,-23.15
150.98,-23.175
150.97,-23.192
150.93,-23.192
150.78,-23.2
150.97,-23.2
150.99,-23.208
150.97,-23.208
150.88,-23.242
150.89,-23.275
150.82,-23.292
150.83,-23.297
150.83,-23.3
150.93,-23.305
150.85,-23.317
150.93,-23.333
150.93,-23.35
150.94,-23.358
150.82,-23.358
150.85,-23.417
151,-23.178
150.8,-23.117
150.92,-23.117
150.92,-23.2
150.8,-23.2
150.82,-23.283
150.87,-23.317
150.93,-23.433
150.93,-23.517
150.92,-23.533
150.8,-23.183
150.82,-23.222
150.82,-23.233
150.88,-23.033
150.88,-23.05
150.95,-23.063
150.9,-23.067
150.89,-23.083
150.9,-23.092
150.88,-23.092
150.9,-23.1
150.99,-23.117
150.9,-23.15
150.92,-23.167
150.79,-23.175
151.08,-23.155
151.07,-23.167
151.1,-23.2
151.08,-23.292
151.07,-23.342
151.15,-23.4
151.18,-23.408
151.17,-23.417
151.03,-23.428
151.1,-23.452
151.84,-23.017
151.74,-23.033
151.84,-23.05
151.6,-23.083
151.67,-23.1
151.28,-23.533
151.27,-23.558
151.05,-23.433
151.06,-23.438
151.06,-23.44
151.02,-23.458
151.06,-23.45
151.28,-23.675
151.3,-23.75
151.32,-23.767
151.33,-23.755
151.32,-23.767
151.37,-23.803
151.38,-23.833
151.39,-23.858
151.38,-23.883
151.35,-23.858
151.39,-23.818
151.41,-23.897
151.47,-23.94
151.49,-23.95
151.48,-23.962
151.48,-23.975
151.62,-23.55
151.68,-23.567
151.62,-23.683
151.63,-23.97
151.77,-23.983
151.32,-23.773
151.26,-23.803
151.34,-23.838
151.07,-23.333
151.17,-23.483
151.73,-23.2
151.07,-23.2
151.82,-23.267
151.75,-23.317
151.95,-23.45
151.72,-23.533
151.08,-23.667
151.62,-23.975
151.65,-23.975
151.66,-23.983
151.68,-23.988
151.5,-23.933
151.67,-23.95
151.85,-23.117
152.67,-24.208
152.75,-24.205
152.75,-24.217
152.67,-24.183
151.51,-24.012
151.72,-24.005
151.78,-24.002
151.76,-24.013
151.95,-24.262
151.97,-24.317
151.73,-24.008
151.47,-24.067
150.98,-23.167
151.78,-23.25
151.77,-23.258
152.52,-22.075
152.59,-22.083
152.64,-22.092
152.55,-22.158
152.65,-22.158
152.53,-22.183
152.6,-22.192
152.62,-22.192
152.54,-22.2
152.61,-22.225
152.52,-22.242
152.65,-22.25
152.68,-22.25
152.55,-22.267
152.6,-22.267
152.73,-22.3
152.68,-22.358
152.25,-22.05
152.47,-22.133
152.53,-22.267
152.63,-22.033
152.73,-22.067
152.63,-22.133
152.67,-22.333
152.53,-22.108
152.61,-22.122
152.62,-22.125
152.68,-22.122
152.8,-22.117
152.27,-23.758
142.72,-9.85
142.17,-10.567
142.18,-10.483
142.18,-10.4
142.48,-10.267
142.48,-10.25
142.92,-10.15
142.22,-10.583
142.33,-10.567
142.23,-10.233
142.3,-10.633
142.2,-10.55
142.32,-10.55
142.17,-10.6
143.08,-10.058
143.15,-10.1
143.17,-10.058
142.13,-10.733
142.83,-10.35
142.62,-9.8083
142.92,-9.9167
142.3,-9.5667
142.63,-9.75
143.08,-9.35
143.28,-9.5
143.54,-9.7167
143.04,-9.1333
143.33,-9.35
142.82,-9.3667
143.77,-9.4167
143.65,-9.6167
143.88,-9.7667
143.68,-9.3167
105.58,-10.583
96.825,-11.825
96.933,-12
96.9,-12.117
96.817,-12.167
96.933,-12.183
96.833,-12.075
96.883,-12.092
149.15,-16.95
151.73,-17.417
143.92,-9.8667
159.07,-31.573
159.08,-31.483
159.13,-31.667
158.98,-31.5
159.08,-31.55
159.07,-31.5
159,-31.333
159.05,-31.567
159.06,-31.517
159.08,-31.567
159.09,-31.492
159.05,-31.515
159.12,-31.502
159.07,-31.537
159.06,-31.522
159.07,-31.073
159.06,-31.528
159.07,-31.532
159.07,-31.558
159.07,-31.542
159.05,-31.523
159.07,-31.552
159.07,-31.517
159.09,-31.545
159.11,-31.538
159.06,-31.525
159.07,-31.067
146.85,-19.167
153.23,-30.15
153.5,-30
153.17,-30.917
153.22,-30.233
153.2,-30.167
153.5,-30.167
163,-30
153.83,-28.667
153.5,-29.867
161,-29
144.62,-9.9167
143.75,-9.5
143,-9.3333
142.3,-10.467
122.88,-12.167
130.75,-12.467
152.72,-22.325
152.67,-22.333
152.62,-22.1
151.94,-23.275
151.74,-23.3
151.92,-23.308
151.97,-23.333
151.88,-23.475
152.6,-22.15
151.95,-23.45
152.29,-23.808
152.37,-23.858
150.24,-22.308
150.21,-22.325
150.45,-22.308
150.31,-22.33
150.46,-22.35
150.32,-22.35
150.28,-22.35
150.64,-22.008
150.65,-22.033
150.67,-22.083
150.67,-22.175
150.53,-22.267
150.26,-22.342
150.72,-22.342
150.68,-22.358
150.51,-22.383
150.66,-22.342
150.74,-22.408
150.75,-22.412
150.76,-22.45
150.78,-22.478
150.8,-22.567
150.81,-22.625
150.79,-22.632
150.96,-22.658
150.99,-22.733
150.81,-22.8
150.75,-22.517
150.77,-22.52
150.75,-22.525
150.78,-22.528
150.24,-22.318
150.18,-22.217
150.38,-22.217
150.48,-22.483
150.62,-22.2
150.75,-22.5
150.7,-22.55
150.81,-22.7
150.62,-22.2
150.37,-22.217
150.33,-22.433
150.8,-22.95
150.75,-22.95
150.72,-22.433
150.8,-22.933
151.54,-22.608
151.77,-22.8
151.64,-22.792
151.78,-22.833
151.74,-22.867
151.67,-22.75
152.45,-22.017
152.42,-22.042
152.49,-22.1
152.25,-22.092
152.4,-22.267
152.66,-22.008
152.72,-22.017
152.59,-22.033
152.68,-22.067
152.73,-22.1
152.74,-22.117
152.53,-22.15
152.76,-22.15
152.7,-22.175
152.76,-22.183
152.75,-22.217
152.73,-22.275
152.66,-22.308
152.72,-22.35
152.54,-22.38
152.55,-22.385
152.72,-22.358
152.59,-22.408
152.61,-22.392
152.62,-22.383
152.68,-22.617
152.46,-22
152.34,-22.017
152.28,-22.025
152.15,-22.025
152.07,-22.033
152.32,-22.058
152.47,-22.075
152.36,-22.1
152.28,-22.117
152.44,-22.167
152.49,-22.2
152.48,-22.292
152.62,-22
152.5,-22.058
152.73,-22.058
152.78,-22.055
152.63,-22.067
152.59,-22.067
149.62,-22.003
149.87,-22.008
149.83,-22.025
149.88,-22.075
149.57,-22.008
149.59,-22
149.6,-22.025
149.62,-22.017
149.81,-22.042
149.93,-22.025
149.97,-22.033
149.62,-22.058
149.88,-22.058
149.98,-22.05
149.93,-22.067
149.86,-22.225
149.85,-22.15
149.94,-22.125
149.86,-22.105
149.87,-22.145
149.75,-22.267
149.78,-22.358
149.9,-22.467
149.57,-22.175
149.82,-22.392
150.12,-22.003
150.01,-22.092
150,-22.042
150.38,-22.003
150.38,-22.017
150.37,-22.017
150.16,-22.017
150.28,-22.025
150.1,-22.033
150.45,-22.033
150.1,-22.05
150.22,-22.308
150.3,-22.033
150.28,-22.15
150.36,-22.183
150.36,-22.192
150.25,-22.2
150.35,-22.2
150.38,-22.208
150.44,-22.208
150.43,-22.217
150.28,-22.225
150.23,-22.208
150.33,-22.225
150.31,-22.233
150.43,-22.25
150.47,-22.205
150.28,-22.192
150.22,-22.283
150.29,-22.283
150.29,-22.337
150.3,-22.305
150.3,-22.308
152.46,-21.45
152.44,-21.467
152.39,-21.475
152.13,-21.5
152.21,-21.5
152.57,-21.025
152.62,-21.042
152.56,-21.058
152.54,-21.058
152.53,-21.075
152.55,-21.108
152.52,-21.117
152.63,-21.117
152.66,-21.117
152.5,-21.142
152.53,-21.142
152.54,-21.142
152.52,-21.175
152.58,-21.175
152.6,-21.167
152.59,-21.2
152.52,-21.2
152.54,-21.208
152.54,-21.23
152.56,-21.225
152.6,-21.3
152.58,-21.325
152.55,-21.342
152.52,-21.358
152.5,-21.383
152.53,-21.383
152.51,-21.4
152.53,-21.433
152.57,-21.433
152.52,-21.467
152.51,-21.475
152.51,-21.5
152.42,-21.508
152.39,-21.508
152.49,-21.517
152.05,-21.525
152.46,-21.525
152.43,-21.533
152.47,-21.542
152.26,-21.542
152.2,-21.558
152.4,-21.55
152.28,-21.558
152.46,-21.567
152.31,-21.575
152.01,-21.575
152.27,-21.575
152.47,-21.983
152.53,-21.7
152.6,-21.817
152.44,-21.575
152.37,-21.583
152.41,-21.583
152.4,-21.6
152.32,-21.597
152.07,-21.6
152.19,-21.608
152.47,-21.617
152.21,-21.617
152.1,-21.638
152.32,-21.633
152.47,-21.65
152.26,-21.637
152.45,-21.667
152.4,-21.675
152.5,-21.678
152.22,-21.688
152.09,-21.7
152.36,-21.708
152.28,-21.725
152.45,-21.708
152.37,-21.725
152.39,-21.733
152.37,-21.733
152.33,-21.758
152.2,-21.758
152.11,-21.792
152.15,-21.8
152.47,-21.808
152.45,-21.808
152.42,-21.808
152.21,-21.817
152.46,-21.817
152.31,-21.833
152.47,-21.842
152.27,-21.858
152.18,-21.867
152.44,-21.858
152.41,-21.858
152.36,-21.867
152.31,-21.867
152.13,-21.875
152.12,-21.9
152.39,-21.883
152.28,-21.917
152.47,-21.908
152.45,-21.908
152.47,-21.925
152.1,-21.925
152.49,-21.933
152.2,-21.942
152.32,-21.958
152.05,-21.958
152.35,-21.975
152.38,-21.983
152.22,-21.983
152.46,-21.983
152.54,-21.558
152.54,-21.575
152.54,-21.667
152.51,-21.717
152.52,-21.733
152.54,-21.825
152.52,-21.825
152.53,-21.85
152.59,-21.85
152.61,-21.867
152.57,-21.875
152.58,-21.9
152.6,-21.917
152.59,-21.942
152.62,-21.942
152.66,-21.942
152.57,-21.967
152.66,-21.975
152.57,-21.983
152.07,-21.05
152.32,-21.033
152.22,-21.1
152.13,-21.217
152.2,-21.167
152.17,-21.35
152.3,-21.383
152.48,-21.383
152.25,-21.167
152.55,-21.517
152.47,-21.567
152.2,-21.633
152.35,-21.65
152.47,-21.717
152.23,-21.883
152.4,-21.817
152.33,-21.767
152.42,-21.883
152.53,-21.883
152.23,-21.083
152.72,-24.112
152.41,-23.908
151.28,-23.833
152.07,-23.5
152.03,-23.433
152.05,-23.6
152.16,-23.625
152.18,-23.692
151.78,-23.508
151.73,-23.542
151.91,-23.183
151.88,-23.208
150.96,-23.158
150.98,-23.167
152.75,-25
153.27,-25.183
152.07,-23.5
152.38,-23.883
153.65,-23.817
153.68,-26.617
153.5,-26.648
153.92,-26.655
153.33,-26.65
153.78,-26.675
153.16,-26.643
153.83,-26.657
152.82,-27.35
153.27,-27.417
153.23,-27.1
153.42,-27.1
149.59,-22.15
149.61,-22.155
149.84,-22.142
149.94,-22.142
143.99,-10.758
143.1,-10.775
143.25,-10.683
143.43,-10.7
143.19,-10.733
142.83,-10.25
143.47,-10.692
143.33,-10.733
143.09,-10.75
143.37,-10.75
143.33,-10.758
143.41,-10.775
143.35,-10.8
143.32,-10.833
143.35,-10.842
143.3,-10.842
143.4,-10.842
143.24,-10.85
143.23,-10.883
143.21,-10.892
143.29,-10.892
143.39,-10.908
143.32,-10.917
143.3,-10.925
143.22,-10.933
143.24,-10.95
143.16,-10.95
143.13,-10.95
143.37,-10.933
143.4,-10.967
143.43,-10.967
143.12,-10.983
143.97,-10.683
143.78,-10.675
143.98,-10.708
143.96,-10.717
143.52,-10.7
143.52,-10.7
143.53,-10.7
143.96,-10.733
143.97,-10.733
143.6,-10.75
143.73,-10.733
143.5,-10.775
143.69,-10.783
143.72,-10.775
143.97,-10.767
143.99,-10.783
143.99,-10.792
143.78,-10.792
143.82,-10.817
143.83,-10.817
143.98,-10.858
143.65,-10.85
143.71,-10.858
143.75,-10.85
143.75,-10.892
143.79,-10.858
143.47,-10.808
143.61,-10.858
143.67,-10.892
143.75,-10.892
143.56,-10.9
143.57,-10.9
143.47,-10.875
143.52,-10.908
143.53,-10.908
143.47,-10.942
143.51,-10.942
143.37,-10.992
143.3,-10.983
142.62,-10.767
142.59,-10.775
142.71,-10.8
142.57,-10.825
142.58,-10.833
142.68,-10.817
142.72,-10.817
142.77,-10.825
142.93,-10.808
142.98,-10.8
142.7,-10.887
142.7,-10.892
142.78,-10.9
142.63,-10.917
142.71,-10.933
142.71,-10.95
142.77,-10.992
142.57,-10.723
142.58,-10.73
142.58,-10.795
142.56,-10.828
142.6,-10.742
142.57,-10.708
142.55,-10.692
142.55,-10.7
142.55,-10.692
142.17,-10.117
142.12,-10
142.6,-10.708
142.6,-10.713
142.62,-10.725
142.62,-10.75
142.61,-10.733
142.62,-10.733
142.62,-10.725
142.63,-10.717
142.68,-10.7
142.68,-10.717
142.69,-10.725
142.74,-10.675
142.78,-10.683
142.74,-10.717
142.62,-10.758
142.6,-10.758
144.01,-10.808
144,-10.825
144.02,-10.842
144.02,-10.883
144.03,-10.917
144.02,-10.95
144.03,-10.967
144.03,-10.992
144,-10.825
145.03,-10
142.7,-10.817
143.18,-10.9
143.98,-10.725
144,-11.7
142.93,-11.242
142.93,-11.592
142.93,-11.792
142.97,-11.383
142.98,-11.733
142.78,-11.025
142.9,-11.592
142.83,-11.158
142.87,-11.25
142.93,-11.442
142.87,-11.517
142.82,-11.233
142.82,-11.25
142.82,-11.292
142.87,-11.375
142.79,-11.075
142.88,-11.433
142.82,-11.192
142.84,-11.567
142.81,-11.2
142.86,-11.625
142.91,-11.65
142.97,-11.758
142.89,-11.767
142.92,-11.767
142.94,-11.767
142.95,-11.767
142.88,-11.783
142.86,-11.8
142.97,-11.883
142.9,-11.8
142.89,-11.825
142.88,-11.85
142.93,-11.842
142.99,-11.858
142.92,-11.883
143.03,-11.2
143.07,-11.525
143.32,-11.85
143.07,-11.383
143.03,-11.492
143.28,-11.858
143.02,-11.167
143.18,-11.7
143.08,-11.783
143.03,-11.45
143,-11.233
143.25,-11.025
143.09,-11.067
143.03,-11.117
143.26,-11.133
143.21,-11.192
143.32,-11.217
143.28,-11.292
143.36,-11.275
143.47,-11.342
143.03,-11.383
143.03,-11.492
143.76,-11.4
143.76,-11.417
143.75,-11.45
143.02,-11.55
143.01,-11.592
143.25,-11.792
143.27,-11.792
143.33,-11.917
143.35,-11.917
143.31,-11.917
143.21,-11.925
143.22,-11.95
143.24,-11.942
143.37,-11.933
143.43,-11.95
143.27,-11.95
143.47,-11.908
143.27,-11.975
143.28,-11.975
143.26,-11.975
143.23,-11.958
143.23,-11.983
143.22,-11.983
143.28,-11.983
143.26,-11.983
143.27,-11.992
143.25,-11.988
143.72,-11.567
143.83,-11.583
143.48,-11.767
143.66,-11.833
143.59,-11.858
143.88,-11.767
143.83,-11.833
143.82,-11.875
143.95,-11.408
143.94,-11.417
143.64,-11.892
143.68,-11.892
143.84,-11.95
143.98,-11.967
143.87,-11.983
143.68,-11.925
143.99,-11.783
143.97,-11.725
143.24,-11.967
143.19,-11.708
143.25,-11.733
143.08,-11.767
143.24,-11.75
143.34,-11.842
143.28,-11.858
143.11,-11.9
143.57,-11.333
143.94,-11.383
143.71,-11.375
143.94,-11.392
143.95,-11.4
143.55,-11.417
143.52,-11.458
143.95,-11.458
143.64,-11.467
143.71,-11.467
143.91,-11.467
143.93,-11.483
143.98,-11.483
143.88,-11.467
143.9,-11.492
143.83,-11.483
143.55,-11.492
143.99,-11.025
143.08,-11.517
143.17,-11.533
143.51,-11.542
143.23,-11.583
143.18,-11.592
143.43,-11.583
143.29,-11.6
143.53,-11.617
143.43,-11.692
143,-11.808
143.3,-11.867
143.12,-11.908
143.28,-11.958
143.94,-11.5
143.84,-11.508
143.81,-11.517
143.79,-11.517
143.64,-11.508
143.84,-11.533
143.85,-11.525
143.83,-11.533
143.84,-11.542
143.89,-11.525
143.95,-11.517
143.88,-11.533
143.83,-11.55
143.84,-11.558
143.86,-11.55
143.84,-11.567
143.85,-11.567
143.51,-11.583
143.69,-11.625
143.85,-11.625
143.58,-11.658
143.56,-11.692
143.9,-11.642
143.89,-11.667
143.89,-11.7
143.88,-11.725
143.86,-11.783
143.86,-11.783
143.85,-11.8
143.85,-11.808
143.96,-11.817
143.82,-11.85
143.8,-11.858
143.81,-11.867
143.8,-11.883
143.82,-11.9
143.83,-11.933
143.32,-11.025
143.34,-11.033
143.47,-11.017
143.37,-11.058
143.47,-11.058
143.39,-11.075
143.31,-11.083
143,-11.125
143.48,-11.1
143.43,-11.142
143.24,-11.15
143.42,-11.158
143.4,-11.183
143.39,-11.2
143.1,-11.175
143.26,-11.233
143.15,-11.267
143.03,-11.283
143.05,-11.283
143.21,-11.292
143.47,-11.267
143.13,-11.317
143.13,-11.342
143.33,-11.358
143.17,-11.375
143.07,-11.367
143.17,-11.433
143.36,-11.517
143.27,-11.483
143.29,-11.392
143.44,-11.425
143.38,-11.45
143.12,-11.467
143.16,-11.467
143.07,-11.483
143.58,-11.017
143.58,-11.067
143.57,-11.125
143.68,-11.158
143.56,-11.167
143.58,-11.208
143.74,-11.208
143.73,-11.267
143.54,-11.25
143.98,-11.275
143.99,-11.283
143.97,-11.283
143.97,-11.3
143.95,-11.308
143.97,-11.317
143.5,-11.3
143.66,-11.3
143.69,-11.3
143.94,-11.333
143.93,-11.342
143.94,-11.35
143.96,-11.35
143.93,-11.35
143.94,-11.35
143.94,-11.358
143.94,-11.367
143.96,-11.375
143.94,-11.375
143.37,-11.042
144.02,-11.6
144.04,-11.275
144.03,-11.6
144.02,-11.683
144.05,-11.783
144.03,-11
144.01,-11
144,-11.017
144,-11.275
144.03,-11.033
144.02,-11.042
144.03,-11.05
144.04,-11.067
144.05,-11.1
144.04,-11.133
144.03,-11.142
144.07,-11.15
144.06,-11.192
144.04,-11.2
144.04,-11.208
144.05,-11.217
144.05,-11.225
144.06,-11.258
144.01,-11.267
144.02,-11.275
144.02,-11.258
144.03,-11.275
144.01,-11.425
144.06,-11.5
144.01,-11.542
143.83,-9.75
143.22,-12.25
143.2,-12.192
143.6,-12.883
143.22,-12.25
143.23,-12.267
143.21,-12.242
143.23,-12.25
143.57,-12.992
143.24,-12
143.3,-12.033
143.29,-12.067
143.44,-12.117
143.26,-12.1
143.22,-12.117
143.28,-12.133
143.36,-12.15
143.11,-12.192
143.13,-12.233
143.21,-12.242
143.28,-12.242
143.29,-12.267
143.12,-12.283
143.35,-12.3
143.41,-12.292
143.18,-12.3
143.19,-12.308
143.33,-12.325
143.36,-12.35
143.24,-12.35
143.28,-12.392
143.36,-12.442
143.44,-12.483
143.53,-12.4
143.49,-12.408
143.96,-12.075
143.79,-12.125
143.79,-12.15
143.82,-12.233
143.79,-12.233
143.85,-12.242
143.89,-12.275
143.81,-12.342
143.74,-12.392
143.82,-12.408
143.39,-12.517
143.29,-12.517
143.37,-12.517
143.38,-12.592
143.45,-12.625
143.47,-12.625
143.44,-12.658
143.4,-12.75
143.48,-12.758
143.47,-12.775
143.42,-12.783
143.48,-12.783
143.48,-12.8
143.5,-12.833
143.44,-12.817
143.61,-12.525
143.78,-12.517
143.53,-12.567
143.78,-12.567
143.85,-12.575
143.55,-12.592
143.82,-12.625
143.57,-12.65
143.53,-12.667
143.84,-12.675
143.8,-12.708
143.6,-12.717
143.61,-12.775
143.6,-12.792
143.83,-12.825
143.61,-12.808
143.54,-12.817
143.64,-12.85
143.55,-12.892
143.62,-12.883
143.6,-12.892
143.55,-12.942
143.55,-12.842
143.57,-12.9
143.54,-12.933
143.85,-12.992
143.88,-12
143.53,-12.267
143.22,-12.367
143.48,-12.383
143.28,-12.433
143.89,-12
143.89,-12
143.68,-12.092
143.91,-12.008
143.94,-12.017
143.83,-12.042
143.85,-12.05
143.88,-12.058
143.82,-12.05
143.9,-12.058
143.92,-12.067
143.8,-12.058
143.8,-12.083
143.57,-12.083
143.78,-12.1
143.77,-12.183
143.78,-12.167
143.78,-12.183
143.78,-12.192
143.77,-12.208
143.79,-12.217
143.81,-12.217
143.78,-12.217
143.88,-12.242
143.87,-12.25
143.65,-12.308
143.78,-12.367
143.61,-12.392
143.73,-12.408
143.75,-12.408
143.63,-12.417
143.57,-12.408
143.63,-12.433
143.73,-12.442
143.75,-12.467
143.74,-12.483
143.75,-12.483
143.32,-12.558
143.44,-12.608
143.43,-12.65
143.43,-12.667
143.41,-12.717
143.38,-12.775
143.75,-12.508
143.76,-12.558
143.77,-12.567
143.68,-12.608
143.8,-12.583
143.8,-12.608
143.8,-12.683
143.81,-12.683
143.81,-12.692
143.78,-12.733
143.8,-12.75
143.79,-12.783
143.75,-12.833
143.79,-12.858
143.59,-12.883
143.81,-12.883
143.75,-12.908
143.53,-12.917
143.65,-12.933
143.82,-12.925
143.81,-12.933
143.82,-12.958
143.55,-12.967
143.68,-12.958
143.65,-12.967
143.82,-12.975
143.53,-12.983
143.5,-12
143.72,-13.658
143.68,-13.667
143.83,-13.95
143.85,-13.025
143.57,-13.033
143.73,-13.483
143.84,-13.917
143.57,-13.183
143.54,-13.033
143.87,-13.033
143.64,-13.05
143.87,-13.05
143.62,-13.042
143.55,-13.067
143.89,-13.075
143.61,-13.083
143.56,-13.108
143.72,-13.1
143.65,-13.108
143.74,-13.133
143.63,-13.15
143.62,-13.15
143.66,-13.167
143.75,-13.167
143.68,-13.433
143.94,-13.158
143.68,-13.2
143.57,-13.217
143.72,-13.233
143.63,-13.25
143.62,-13.467
143.68,-13.475
143.69,-13.275
143.58,-13.275
143.59,-13.275
143.62,-13.275
143.62,-13.283
143.67,-13.3
143.6,-13.333
143.78,-13.333
143.96,-13.358
143.59,-13.375
143.59,-13.383
143.7,-13.383
143.75,-13.417
143.97,-13.442
143.62,-13.417
143.7,-13.433
143.68,-13.442
143.71,-13.5
143.64,-13.458
143.62,-13.458
143.65,-13.542
143.79,-13.542
143.8,-13.683
143.85,-13.617
143.91,-13.6
143.57,-13.733
143.63,-13.733
143.83,-13.775
143.9,-13.75
143.61,-13.758
143.63,-13.775
143.69,-13.8
143.68,-13.85
143.72,-13.875
143.78,-13.842
143.75,-13.875
143.73,-13.883
143.63,-13.875
143.62,-13.883
143.65,-13.9
143.76,-13.892
143.89,-13.9
143.78,-13.908
143.96,-13.908
143.75,-13.942
143.84,-13.967
143.68,-13.975
143.68,-13
143.78,-13
143.53,-13.033
143.88,-13.058
143.88,-13.067
143.8,-13.067
143.53,-13.075
143.68,-13.067
143.91,-13.075
143.92,-13.075
143.92,-13.075
143.93,-13.075
143.93,-13.075
143.53,-13.108
143.53,-13.175
143.55,-13.175
143.88,-13.183
143.79,-13.192
143.93,-13.242
143.69,-13.25
143.94,-13.267
143.53,-13.325
143.54,-13.283
143.9,-13.317
143.97,-13.317
143.94,-13.3
143.54,-13.333
143.55,-13.333
143.72,-13.325
143.57,-13.35
143.61,-13.408
143.6,-13.408
143.97,-13.4
143.97,-13.425
143.82,-13.417
143.87,-13.558
143.94,-13.633
143.57,-13.642
143.57,-13.667
143.82,-13.708
143.95,-13.758
143.55,-13.775
143.99,-13.758
143.97,-13.742
143.94,-13.842
143.94,-13.867
143.6,-13.883
143.68,-13.917
143.82,-13.967
143.61,-13.925
143.64,-13.95
143.71,-13.992
143.62,-13.517
143.6,-13.55
143.59,-13.575
143.59,-13.783
143.56,-13.792
143.6,-13.817
143.62,-13.867
143.72,-13
144.11,-13.625
144.11,-13.642
144.23,-13.733
144.33,-13.875
144.37,-13.925
144.35,-13.95
144.41,-13.958
144.46,-13.975
144.57,-13.958
144.52,-13.983
144,-13.467
144.05,-13.483
144.09,-13.542
144.1,-13.592
144.1,-13.608
144.17,-13.683
144.27,-13.783
144.03,-13.858
144.14,-13.858
144.09,-13.867
144.07,-13.9
144.55,-13.975
144.81,-14.433
144.97,-14.417
145,-14.542
144.88,-14.558
144.98,-14.525
144.88,-14.55
144.92,-14.508
144.9,-14.55
144.86,-14.325
144.9,-14.467
144,-14.125
144.89,-14.425
144.11,-14
144.24,-14.067
144.32,-14.1
144.49,-14.108
144.22,-14.117
144.48,-14.108
144.3,-14.125
144.48,-14.133
144.48,-14.15
144.22,-14.158
144.24,-14.133
144.24,-14.15
144.23,-14.167
144.22,-14.175
144.48,-14.167
144.24,-14.208
144.28,-14.2
144.22,-14.217
144.27,-14.225
144.35,-14.258
144.36,-14.267
144.77,-14.05
144.53,-14.092
144.57,-14.092
144.53,-14.117
144.64,-14.15
144.6,-14.158
144.53,-14.158
144.28,-14.175
144.26,-14.192
144.24,-14.167
144.54,-14.183
144.92,-14.192
144.66,-14.225
144.57,-14.233
144.72,-14.267
144.69,-14.3
144.74,-14.317
144.72,-14.325
144.71,-14.333
144.72,-14.342
144.65,-14.342
144.76,-14.358
144.96,-14.458
144.76,-14.475
144.65,-14.475
144.64,-14.475
144.96,-14.475
144.99,-14.5
144.77,-14.5
144.85,-14.517
144.96,-14.533
144.92,-14.542
144.92,-14.542
144.93,-14.575
144.93,-14.617
144.95,-14.683
144.74,-14.175
144.67,-14.083
144.82,-14.175
144.86,-14.2
144.96,-14.208
144.97,-14.225
144.79,-14.308
144.96,-14.325
144.59,-14.342
144.58,-14.333
144.97,-14.375
144.62,-14.458
144.69,-14.475
144.86,-14.542
144.86,-14.55
144.93,-14.642
144.99,-14.713
144.98,-14.717
144.95,-14.717
144.71,-14.117
144.7,-14.125
144.86,-14.192
145.65,-14.667
145.1,-14.732
145.53,-14.5
145.25,-14.658
145.18,-14.733
145.2,-14.737
145.18,-14.732
145.2,-14.722
145.48,-14.633
145.2,-14.703
145.2,-14.717
145.08,-14.737
145.58,-14.55
145.63,-14.6
145.19,-14.73
145.2,-14.717
145.2,-14.747
145.36,-14.367
145.11,-14.417
145.34,-14.433
145.41,-14.442
145.48,-14.45
145.03,-14.475
145.25,-14.483
145.16,-14.5
145.47,-14.592
145.18,-14.658
145.47,-14.617
145.2,-14.667
145.38,-14.717
145.17,-14.717
145.49,-14.65
145.45,-14.658
145.47,-14.658
145.47,-14.683
145.45,-14.683
145.16,-14.72
145.28,-14.717
145.36,-14.767
145.32,-14.787
145.34,-14.783
145.28,-14.817
145.26,-14.85
145.27,-14.85
145.48,-14.858
145.53,-14.87
145.47,-14.892
145.18,-14.817
145.19,-14.825
145.52,-14.917
145.13,-14.8
145.49,-14.95
145.65,-14.65
145.51,-14.742
145.53,-14.775
145.72,-14.8
145.53,-14.825
145.52,-14.808
145.55,-14.825
145.71,-14.992
145.01,-14.225
145.08,-14.258
145.18,-14.283
145.19,-14.308
145.25,-14.308
145.23,-14.325
145.28,-14.333
145.03,-14.367
145.04,-14.4
145.05,-14.442
145.08,-14.783
145.14,-14.792
145.34,-14.942
145.33,-14.95
145.65,-14.667
145.53,-14.708
145.58,-14.73
145.58,-14.783
145.62,-14.867
145.56,-14.883
145.69,-14.925
145.68,-14.933
145.69,-14.95
145.45,-14.667
147,-17.5
146.19,-16.95
145.98,-16.925
146,-16.433
146.02,-16.517
146.07,-16.717
146.34,-16.757
146.28,-16.792
146.48,-16.987
146,-16.308
146.05,-16.408
146.07,-16.447
146.1,-16.492
146,-16.65
146,-16.925
146.12,-16.53
146.16,-16.608
146.03,-16.642
146.04,-16.625
146.03,-16.647
146.25,-16.692
146.28,-16.733
146.34,-16.765
146.19,-16.808
146.35,-16.825
146.35,-16.855
146.23,-16.867
146.4,-16.875
146.27,-16.92
146.21,-16.942
146.45,-16.933
146.53,-16.992
146,-16.567
146.48,-16.97
146.46,-16.978
145.77,-16.583
146.48,-17.85
146.55,-17.833
146.2,-17
146.12,-17.017
146.13,-17.023
146.47,-17.017
146.47,-17.042
146.18,-17.075
146.41,-17.1
146.34,-17.108
146.47,-17.133
146.02,-17.15
146.29,-17.183
146.08,-17.208
146.08,-17.217
146.09,-17.225
146.48,-17.233
146.37,-17.2
146.31,-17.275
146.45,-17.283
146.37,-17.292
146.4,-17.4
146.34,-17.383
146.07,-17.425
146.12,-17.48
146.46,-17.475
146.39,-17.483
146.55,-17.192
146.54,-17.267
146.62,-17.275
146.62,-17.283
146.54,-17.317
146.54,-17.45
146.38,-17.533
146.52,-17.533
146.16,-17.57
146.45,-17.617
146.41,-17.608
146.16,-17.655
146.38,-17.667
146.47,-17.65
146.18,-17.677
146.17,-17.67
146.17,-17.675
146.4,-17.725
146.15,-17.75
146.44,-17.775
146.12,-17.775
146.15,-17.958
146.13,-17.975
146.58,-17.583
146.55,-17.7
146.55,-17.725
146.57,-17.695
146.65,-17.775
146.52,-17.783
146.54,-17.758
146.59,-17.892
146.8,-17.95
146.58,-17.95
146.42,-17.125
146.48,-17.442
146.46,-17.453
146.52,-17.1
146.57,-17.147
146.53,-17.358
146.51,-17.442
146.14,-17.642
146.11,-17.725
146.1,-17.817
146.11,-17.842
146.12,-17.858
146.14,-17.967
146.1,-17.967
146.72,-17.675
146.5,-17.742
146.51,-17.75
146.73,-17.883
146.6,-17.975
146.08,-17.208
146.18,-17.677
146.15,-17.75
146.15,-17.75
146.55,-17.7
146.08,-17.217
146.1,-17.217
146.17,-17.667
146.02,-17.15
148.42,-17.667
148.5,-17.583
148.38,-17.733
145.49,-16.247
145.98,-16.758
145.48,-16.5
145.93,-16.675
145.45,-16.17
145.57,-16.383
145.86,-16.05
145.85,-16.025
146.02,-16.583
145.5,-16.3
145.45,-16.475
145.62,-16.012
145.63,-16.017
145.65,-16.05
145.83,-16.108
145.67,-16.125
145.75,-16.125
145.62,-16.15
145.7,-16.2
145.8,-16.208
145.89,-16.217
145.82,-16.317
145.77,-16.417
145.68,-16.442
145.77,-16.008
145.98,-16.467
145.53,-16.525
145.54,-16.53
145.5,-16.55
145.86,-16.55
145.93,-16.633
145.98,-16.65
145.57,-16.658
145.68,-16.733
145.68,-16.733
145.9,-16.892
145.83,-16.042
145.55,-16.558
145.53,-16.567
145.53,-16.592
145.44,-16
145.46,-16.033
145.47,-16.067
145.47,-16.1
145.42,-16.367
145.43,-16.4
145.42,-16.45
145.79,-16.013
145.8,-16.013
145.8,-16.03
145.7,-16.02
145.71,-16.033
145.73,-16.055
145.72,-16.083
145.75,-16.08
145.75,-16.088
145.64,-16.183
145.63,-16.187
145.77,-16.35
145.95,-16.55
145.97,-16.583
145.95,-16.625
145.92,-16.875
145.95,-16.9
145.94,-16.912
145.9,-16.983
143.82,-14.017
143.99,-14.008
143.93,-14.05
143.93,-14.058
143.86,-14.067
143.93,-14.067
143.92,-14.083
143.93,-14.133
143.93,-14.183
143.78,-14.225
143.79,-14.225
143.78,-14.292
143.68,-14.033
143.7,-14.133
143.72,-14.258
145.46,-15.733
145.38,-15.1
145.43,-15.117
145.45,-15.025
145.44,-15.742
145.46,-15.008
145.26,-15.098
145.27,-15.097
145.26,-15.102
145.32,-15.137
145.27,-15.158
145.5,-15.167
145.34,-15.217
145.33,-15.503
145.35,-15.533
145.3,-15.55
145.43,-15.417
145.42,-15.475
145.29,-15.48
145.29,-15.483
145.51,-15.008
145.57,-15.005
145.53,-15.05
145.57,-15.05
145.52,-15.075
145.72,-15.083
145.57,-15.15
145.69,-15.133
145.73,-15.2
145.62,-15.2
145.55,-15.208
145.53,-15.242
145.58,-15.25
145.57,-15.3
145.58,-15.358
145.8,-15.483
145.75,-15.283
145.78,-15.367
145.8,-15.433
145.34,-15.603
145.44,-15.625
145.43,-15.642
145.43,-15.708
145.44,-15.708
145.4,-15.713
145.39,-15.708
145.4,-15.913
145.8,-15.558
145.78,-15.542
145.78,-15.578
145.53,-15.558
145.8,-15.608
145.52,-15.617
145.66,-15.617
145.51,-15.633
145.72,-15.65
145.8,-15.65
145.8,-15.717
145.78,-15.75
145.58,-15.783
145.8,-15.792
145.58,-15.875
145.79,-15.883
145.66,-15.908
145.82,-15.95
145.62,-15.975
145.67,-15.975
145.82,-15.992
145.25,-15.158
145.24,-15.175
145.69,-15.033
145.62,-15.1
145.67,-15.1
145.72,-15.242
145.77,-15.317
145.63,-15.317
145.65,-15.328
145.75,-15.333
145.77,-15.392
145.77,-15.4
145.77,-15.408
145.51,-15.433
145.61,-15.425
145.66,-15.433
145.68,-15.467
145.65,-15.483
145.5,-15.483
145.32,-15.608
145.32,-15.65
145.35,-15.708
145.37,-15.75
145.37,-15.775
145.36,-15.792
145.4,-15.937
145.38,-15.925
145.62,-15.5
145.53,-15.517
145.54,-15.503
145.57,-15.513
145.78,-15.517
145.78,-15.533
145.64,-15.537
145.6,-15.558
145.65,-15.558
145.77,-15.6
145.78,-15.808
145.77,-15.825
145.82,-15.825
145.52,-15.7
147.62,-19.3
147.42,-18.633
147.05,-19.192
147.03,-19.2
147.06,-19.25
147.07,-19.258
147.07,-19.275
147.93,-19.033
147.63,-19.142
147.87,-19.367
147.95,-19.367
147.88,-19.45
147.75,-19.708
147.03,-19.167
147.4,-19.267
147.17,-19.4
147.45,-19.35
147.92,-19.383
147.78,-19.7
147.62,-19.3
147.07,-19.183
147.76,-19.725
147,-19.233
147.03,-19.217
148.08,-19
148.28,-19.017
148.12,-19.017
148.32,-19.025
148.31,-19.05
148.18,-19.067
148.07,-19.075
148.22,-19.083
148.28,-19.1
148.3,-19.208
148.37,-19.183
148.32,-19.15
148.34,-19.108
148.38,-19.117
148.47,-19.125
148.17,-19.225
148.35,-19.283
148.08,-19.3
148.43,-19.325
148.33,-19.367
148.09,-19.392
148.57,-19.033
148.7,-19.092
148.54,-19.192
148.9,-19.217
148.62,-19.25
148.55,-19.258
148.65,-19.433
148.78,-19.4
148.72,-19.442
148.74,-19.517
148.79,-19.45
148.88,-19.392
148.86,-19.45
148.82,-19.483
148.91,-19.492
148.36,-19.717
148.37,-19.767
148.27,-19.967
148.36,-19.983
148.98,-19.525
148.94,-19.525
148.93,-19.567
148.94,-19.583
148.56,-19.992
148.17,-19.15
148.58,-19.1
148.42,-19.25
148.87,-19.167
148.78,-19.283
148.45,-19.042
148.2,-19.083
148.24,-19.1
148.92,-19.483
148.27,-19.1
148.46,-19.092
148.32,-19.1
148.3,-19.108
148.18,-19.125
148.18,-19.133
148.16,-19.192
148.08,-19.208
148.7,-19.117
148.92,-19.125
148.82,-19.133
148.87,-19.15
148.93,-19.167
148.59,-19.2
148.97,-19.192
148.88,-19.192
148.61,-19.2
148.82,-19.217
148.98,-19.275
148.63,-19.325
148.63,-19.342
148.63,-19.367
148.68,-19.367
148.72,-19.367
148.8,-19.517
148.88,-19.533
149.24,-19.308
149.05,-19.333
149.42,-19.342
149.18,-19.467
149.06,-19.5
149.64,-19.467
149.28,-19.542
149.58,-19.875
149.36,-19.55
149.38,-19.708
149.2,-19.692
149.2,-19.725
149.5,-19.75
149.22,-19.758
149.22,-19.833
149.12,-19.817
149.17,-19.792
149.6,-19.558
149.07,-19.808
149.66,-19.575
149.62,-19.608
149.66,-19.633
149.58,-19.667
149.71,-19.725
149.68,-19.742
149.63,-19.783
149.89,-19.842
149.62,-19.967
149.72,-19.983
149.08,-19.283
149.17,-19.433
149.5,-19.517
149.25,-19.667
149.12,-19.8
149.75,-19.567
149.12,-19.508
149.22,-19.517
149.23,-19.525
149.58,-19.667
149.67,-19.867
149.92,-19.767
149.67,-19.95
149,-19.342
149,-19.408
149.03,-19.208
149.09,-19.217
149.09,-19.283
149.07,-19.283
149.18,-19.333
149.22,-19.342
149.16,-19.342
149.02,-19.358
149.03,-19.367
149.09,-19.358
149.11,-19.367
149.07,-19.375
149.2,-19.375
149.03,-19.392
149.47,-19.442
149.22,-19.458
149,-19.525
149.04,-19.533
149.04,-19.55
149.38,-19.533
149.4,-19.533
149.38,-19.55
149.43,-19.55
149.25,-19.583
149.23,-19.592
149.49,-19.575
149.42,-19.592
149.42,-19.65
149.3,-19.75
149.33,-19.75
149.37,-19.767
149.4,-19.767
149.43,-19.808
149.58,-19.525
149.73,-19.525
149.71,-19.575
149.57,-19.592
149.51,-19.592
149.77,-19.6
149.72,-19.608
149.72,-19.625
149.85,-19.617
149.88,-19.633
149.76,-19.642
149.84,-19.642
149.72,-19.658
149.75,-19.667
149.69,-19.667
149.93,-19.667
149.94,-19.658
149.65,-19.683
149.53,-19.683
149.53,-19.7
149.72,-19.692
149.79,-19.7
149.91,-19.7
149.97,-19.692
149.61,-19.708
149.61,-19.717
149.68,-19.7
149.73,-19.708
149.75,-19.708
149.76,-19.717
149.81,-19.717
149.92,-19.708
149.97,-19.717
149.96,-19.742
149.78,-19.742
149.6,-19.75
149.72,-19.758
149.65,-19.758
149.65,-19.767
149.66,-19.767
149.72,-19.767
149.76,-19.783
149.69,-19.792
149.71,-19.808
149.72,-19.808
149.62,-19.817
149.75,-19.833
149.78,-19.825
149.6,-19.858
149.72,-19.883
149.71,-19.892
149.83,-19.917
149.77,-19.942
149.78,-19.942
149.72,-19.958
149.23,-19.833
150.09,-19.758
150.15,-19.808
150.07,-19.825
150.18,-19.833
150.22,-19.867
150.29,-19.883
150.28,-19.867
150.3,-19.858
150.31,-19.875
150.17,-19.908
150.2,-19.917
150.28,-19.917
150.32,-19.925
150.21,-19.958
150.33,-19.933
150.32,-19.908
150.35,-19.792
150.39,-19.817
150.38,-19.867
150.36,-19.892
150.08,-19.95
150.2,-19.933
150.01,-19.717
150.13,-19.792
150.1,-19.817
150.11,-19.842
150.25,-19.892
150.3,-19.892
150.18,-19.933
150.33,-19.95
150.35,-19.958
150.35,-19.975
150.24,-19.992
146.21,-18.05
146.45,-18.083
147.53,-18.808
147.74,-18.917
147.69,-18.875
147.7,-18.967
147.5,-18.65
147.53,-18.667
147,-18.167
147.42,-18.35
147.12,-18.45
147.45,-18.483
147.03,-18.6
147.2,-18.65
147.33,-18.65
147.5,-18.7
147.78,-18.667
147.07,-18.433
147.1,-18.492
147.4,-18.483
147.85,-18.583
147.67,-18.85
147.86,-18.692
147.84,-18.733
147.94,-18.75
147.93,-18.775
147.87,-18.783
147.98,-18.8
147.97,-18.825
147.89,-18.858
147.96,-18.908
147.91,-18.9
147.89,-18.908
147.87,-18.908
147.9,-18.925
147.92,-18.942
148.07,-18.858
148.14,-18.867
148.26,-18.925
148.08,-18.95
148.38,-18.958
148.43,-18.983
148.03,-18.817
148.34,-18.933
148.29,-18.942
146.15,-18.017
146.16,-18.008
146.17,-18.025
146.18,-18.042
146.2,-18.042
146.29,-18.15
146.27,-18.158
146.17,-18.15
146.14,-18.183
146.14,-18.192
146.32,-18.233
146.32,-18.35
146.32,-18.35
146.57,-18.042
146.87,-18.058
146.8,-18.092
146.72,-18.242
146.83,-18.358
146.71,-18.417
146.99,-18.442
146.88,-18.483
146.3,-18.508
146.48,-18.567
146.48,-18.608
146.49,-18.633
146.48,-18.658
146.51,-18.633
146.5,-18.592
146.34,-18.692
146.43,-18.817
146.56,-18.667
146.55,-18.683
146.52,-18.675
146.57,-18.717
146.62,-18.767
146.68,-18.767
146.69,-18.75
146.64,-18.733
146.6,-18.7
146.76,-18.392
146.58,-18.683
146.69,-18.742
146.71,-18.75
146.72,-18.775
146.55,-18.767
146.52,-18.775
146.51,-18.783
146.53,-18.775
146.67,-18.775
146.72,-18.8
146.53,-18.833
146.54,-18.85
146.62,-18.975
146.63,-18.958
146.15,-18.167
146.18,-18.25
146.1,-18.3
146.17,-18.383
146.2,-18.483
146.38,-18.4
146.33,-18.4
146.58,-18.15
146.75,-18.083
146.92,-18.117
146.58,-18.317
146.83,-18.433
147.03,-18.5
147.52,-18.442
147.41,-18.533
146.52,-18.75
146.48,-18.617
146.78,-18
146.84,-18.008
146.79,-18.042
146.74,-18.108
146.76,-18.125
146.97,-18.142
146.91,-18.267
146.74,-18.333
146.17,-18
147.64,-18.825
147.39,-18.267
147,-18.475
147.03,-18.208
147.18,-18.342
147.07,-18.35
147.21,-18.358
147.26,-18.375
147.46,-18.417
147.36,-18.425
147.13,-18.417
147.23,-18.542
147.49,-18.567
147.3,-18.633
147.15,-18.525
147.44,-18.5
147.19,-18.558
147.06,-18.633
147.1,-18.7
147.27,-18.75
147.53,-18.508
147.56,-18.583
147.56,-18.617
147.61,-18.608
147.58,-18.642
147.6,-18.658
147.56,-18.667
147.56,-18.675
147.71,-18.658
147.54,-18.725
148.12,-18.842
148.06,-18.842
148.16,-18.85
148.19,-18.892
148.23,-18.9
147.89,-18.725
147.71,-18.775
149.72,-20.025
149.75,-20
149,-20.358
149.03,-20.175
149.01,-20.25
149.05,-20.3
149.04,-20.317
149.03,-20.308
149.03,-20.167
149.03,-20.158
149.01,-20.175
149.12,-20.2
149.04,-20.233
149.14,-20.225
149.16,-20.242
149.14,-20.233
149.15,-20.242
149.18,-20.25
149.04,-20.267
149.1,-20.258
149.07,-20.275
149.06,-20.475
149.03,-20.467
149.12,-20.467
149.03,-20.483
149.07,-20.292
149.08,-20.3
149.09,-20.275
149.11,-20.275
149.1,-20.267
149.12,-20.267
149.08,-20.142
149.09,-20.308
149.07,-20.308
149.03,-20.358
149.03,-20.4
149.01,-20.425
149.02,-20.425
149.07,-20.142
149.07,-20.158
149.03,-20.433
149.03,-20.45
149.04,-20.467
149.1,-20.442
149.01,-20.45
149.1,-20.467
149.04,-20.433
149.05,-20.483
149.03,-20.425
149.11,-20.492
149.05,-20.483
149.08,-20.442
149.07,-20.458
149.07,-20.483
149.06,-20.5
149.07,-20.508
149.09,-20.492
149.09,-20.492
149.08,-20.458
149.82,-20.067
149.95,-20.033
149.94,-20.142
149.08,-20.508
149.08,-20.525
149.08,-20.533
149.12,-20.542
149.12,-20.55
149.07,-20.55
149.16,-20.667
149.14,-20.683
149.13,-20.692
149.17,-20.683
149.12,-20.583
149.1,-20.683
149.17,-20.592
149.07,-20.617
149.18,-20.6
149.07,-20.625
149.18,-20.617
149.07,-20.633
149.05,-20.642
149.07,-20.65
149.15,-20.658
149.22,-20.65
149.07,-20.658
149.09,-20.675
149.14,-20.675
149.19,-20.675
149.19,-20.692
149.2,-20.7
149.21,-20.7
149.23,-20.733
149.14,-20.708
149.15,-20.725
149.12,-20.692
149.15,-20.733
149.23,-20.733
149.47,-20.742
149.48,-20.742
149.43,-20.767
149.16,-20.75
149.22,-20.75
149.28,-20.758
149.28,-20.767
149.26,-20.775
149.4,-20.783
149.28,-20.808
149.27,-20.817
149.3,-20.825
149.28,-20.85
149.24,-20.867
149.06,-20.917
149.35,-20.917
149.39,-20.917
149.4,-20.925
149.41,-20.925
149.43,-20.905
149.44,-20.908
149.43,-20.933
149.45,-20.937
149.47,-20.925
149.38,-20.917
149.39,-20.933
149.42,-20.933
149.48,-20.942
149.15,-20.992
149.75,-20.542
149.95,-20.542
149.93,-20.558
149.61,-20.767
149.6,-20.867
149.74,-20.95
149.78,-20.992
149.8,-20.992
149.06,-20.473
149.12,-20.6
149.31,-20.808
149,-20.133
149.08,-20.2
149,-20.35
149.07,-20.417
149.12,-20.483
149.95,-21.15
149.83,-20
149.83,-20.55
149.03,-20.033
149.08,-20.267
149,-20.35
149.83,-20.017
149.68,-20.033
149.95,-20.058
149.96,-20.058
149.93,-20.067
149.92,-20.1
149.03,-20.9
149.01,-20.408
150.32,-20.008
150.24,-20.033
150.32,-20.108
150.2,-20.108
150.08,-20.217
150.09,-20.3
150.13,-20.35
150.06,-20.35
150.09,-20.35
150.2,-20.35
150.07,-20.367
150.12,-20.4
150.14,-20.483
150.21,-20.483
150.29,-20.475
150.05,-20.567
150.12,-20.575
150.24,-20.517
150.38,-20.533
150.38,-20.6
150.47,-20.667
150.23,-20.683
150.29,-20.658
150.47,-20.717
150.48,-20.783
150.45,-20.8
150.38,-20.825
150.38,-20.858
150.03,-20.908
150.08,-20.958
150.8,-20.633
150.66,-20.95
150.32,-20.05
150.14,-20.25
150.08,-20
150,-20.058
150.26,-20.008
150.03,-20.025
150.04,-20.067
150.43,-20.05
150.42,-20.092
150.39,-20.083
150.47,-20.075
150.45,-20.075
150.48,-20.083
150.43,-20.117
150.38,-20.108
150.02,-20.125
150.38,-20.15
150.45,-20.142
150.47,-20.2
150.49,-20.217
150.2,-20.408
150.23,-20.408
150.24,-20.45
150.57,-20.025
150.51,-20.067
150.5,-20.083
150.62,-20.075
150.58,-20.083
150.64,-20.083
150.51,-20.092
150.5,-20.108
150.61,-20.092
150.68,-20.133
150.68,-20.117
150.52,-20.167
150.72,-20.158
150.65,-20.167
150.54,-20.175
150.62,-20.183
150.56,-20.2
150.64,-20.2
150.72,-20.2
150.55,-20.225
150.51,-20.258
150.65,-20.225
150.74,-20.242
150.76,-20.25
150.78,-20.25
150.56,-20.283
150.72,-20.267
150.65,-20.275
150.74,-20.275
150.73,-20.292
150.75,-20.292
150.73,-20.3
150.61,-20.308
150.8,-20.3
150.78,-20.308
150.57,-20.325
150.66,-20.317
150.71,-20.325
150.58,-20.35
150.6,-20.375
150.65,-20.342
150.71,-20.35
150.76,-20.375
150.81,-20.358
150.68,-20.375
150.85,-20.375
150.86,-20.367
150.57,-20.4
150.62,-20.4
150.72,-20.433
150.9,-20.417
150.93,-20.417
150.74,-20.442
150.92,-20.467
150.86,-20.475
150.63,-20.5
150.72,-20.483
150.83,-20.5
150.44,-20.6
150.37,-20.642
150.47,-20.633
150.18,-20.708
150.4,-20.717
150.72,-20.517
150.87,-20.517
150.8,-20.525
150.76,-20.533
150.56,-20.567
150.75,-20.55
150.72,-20.558
150.78,-20.567
150.82,-20.567
150.84,-20.575
150.74,-20.575
150.87,-20.592
150.77,-20.6
150.73,-20.625
150.86,-20.617
150.91,-20.625
150.99,-20.633
150.96,-20.633
150.98,-20.65
150.7,-20.667
150.73,-20.65
150.76,-20.642
150.87,-20.675
150.78,-20.683
150.83,-20.7
150.98,-20.683
150.93,-20.725
150.77,-20.708
150.82,-20.717
150.95,-20.767
150.91,-20.767
150.89,-20.783
150.82,-20.8
150.9,-20.808
150.98,-20.867
150.96,-20.892
150.62,-20.908
150.53,-20.942
150.53,-20.992
150.92,-20.967
150.95,-20.975
151.02,-20.75
151,-20.55
151,-20.833
151.02,-20.542
151.08,-20.55
151,-20.617
151.03,-20.642
151.03,-20.658
151.01,-20.683
151,-20.7
151.03,-20.692
151.07,-20.675
151.08,-20.692
151.07,-20.7
151.12,-20.717
151.15,-20.717
151.15,-20.733
151.07,-20.808
151.07,-20.875
151.09,-20.808
151.2,-20.767
151.2,-20.783
151.17,-20.8
151,-20.817
151.19,-20.867
151.23,-20.85
151.25,-20.867
151.24,-20.925
151.18,-20.9
151.04,-20.917
151.33,-20.85
151.31,-20.883
151.21,-20.933
151.2,-20.892
151.32,-20.942
151.18,-20.958
151.25,-20.967
151.36,-20.958
151.35,-20.983
151.33,-20.983
151.41,-20.967
151.3,-20.992
151.48,-20.992
151.97,-20.892
NaN,NaN
152.18,-20.933
152.07,-20.942
152.25,-20.95
152.28,-20.958
152.39,-20.992
152.06,-20.983
152.08,-20.992
152.07,-20.933
152.28,-20.95
152.15,-20.967
152.5,-20.1
140,-17.167
146.67,-19.1
146.8,-19.133
146.68,-19
146.5,-19
146.62,-19.017
146.63,-19.025
146.61,-19.033
146.58,-19.033
146.56,-19.1
146.88,-19.108
146.76,-19.117
146.71,-19.133
146.82,-19.175
146.87,-19.158
146.83,-19.1
146.82,-19.2
146.79,-19.217
147.89,-19.858
146.85,-19.167
146.88,-19.125
146.88,-19.117
146.86,-19.1
146.84,-19.192
148.28,-20.033
148.62,-20.017
148.44,-20.058
148.33,-20.075
148.3,-20.075
148.3,-20.083
148.49,-20.083
148.31,-20.108
148.89,-20.067
148.53,-20.067
148.89,-20.083
148.57,-20.108
148.65,-20.108
148.72,-20.108
148.61,-20.125
148.94,-20.125
148.93,-20.175
148.92,-20.158
148.88,-20.167
148.9,-20.108
148.91,-20.075
148.93,-20.067
148.94,-20.067
148.95,-20.092
148.58,-20.142
148.61,-20.15
148.71,-20.183
148.76,-20.225
148.81,-20.217
148.82,-20.25
148.82,-20.258
148.91,-20.242
148.93,-20.258
148.91,-20.258
148.92,-20.275
148.83,-20.258
148.85,-20.267
148.98,-20.192
148.99,-20.225
148.99,-20.242
148.99,-20.308
148.96,-20.308
148.94,-20.3
148.93,-20.3
148.92,-20.292
148.92,-20.275
148.93,-20.267
148.85,-20.283
148.77,-20.233
148.8,-20.292
148.8,-20.292
148.79,-20.3
148.79,-20.303
148.83,-20.308
148.81,-20.308
148.93,-20.317
148.86,-20.333
148.99,-20.358
148.97,-20.342
148.96,-20.358
148.93,-20.35
148.85,-20.333
148.84,-20.358
148.85,-20.367
148.85,-20.375
148.86,-20.392
148.88,-20.375
148.88,-20.375
148.86,-20.417
148.84,-20.425
148.85,-20.433
148.93,-20.5
148.82,-20.508
148.8,-20.517
148.95,-20.533
148.93,-20.542
148.86,-20.583
148.88,-20.6
148.88,-20.617
148.76,-20.675
148.76,-20.692
148.85,-20.783
148.85,-20.792
148.88,-20.792
148.88,-20.808
148.84,-20.825
148.88,-20.825
148.9,-20.825
148.9,-20.833
148.93,-20.842
148.94,-20.867
148.92,-20.85
148.96,-20.875
148.69,-20.267
148.94,-20.662
148.37,-20.1
148.58,-20.05
148.57,-20.167
148.72,-20.167
148.65,-20.2
148.95,-20.083
148.97,-20.1
148.85,-20.217
148.95,-20.2
148.82,-20.283
148.87,-20.317
148.87,-20.433
148.9,-20.483
148.98,-20.5
148.72,-20.55
148.87,-20.55
148.27,-20.008
148.28,-20.067
148.62,-20.025
148.53,-20.092
148.53,-20.092
148.67,-20.108
148.56,-20.117
148.57,-20.133
148.61,-20.133
148.73,-20.25
148.79,-20.283
148.8,-20.317
148.97,-20.375
148.83,-20.375
148.93,-20.525
148.72,-20.625
148.73,-20.65
148.74,-20.7
148.78,-20.733
148.79,-20.75
148.79,-20.767
148.99,-20.892
148.98,-20.267
148.97,-20.067
148.88,-20.092
148.61,-20.1
148.28,-20.025
148.47,-20.058
149.15,-21.117
149.3,-21.058
149.24,-21.092
149.25,-21.1
149.29,-21.15
149.24,-21.133
149.24,-21.158
149.27,-21.167
149.27,-21.175
149.22,-21.183
149.27,-21.267
149.28,-21.275
149.31,-21.292
149.32,-21.325
149.32,-21.375
149.32,-21.392
149.34,-21.43
149.49,-21.425
149.46,-21.45
149.49,-21.467
149.4,-21.5
149.9,-21.017
149.55,-21.033
149.93,-21.1
149.96,-21.108
149.63,-21.275
149.64,-21.303
149.69,-21.333
149.67,-21.325
149.66,-21.37
149.82,-21.367
149.8,-21.392
149.57,-21.417
149.6,-21.417
149.59,-21.475
149.82,-21.433
149.81,-21.433
149.71,-21.45
149.83,-21.442
149.7,-21.467
149.72,-21.463
149.82,-21.467
149.87,-21.458
149.88,-21.467
149.66,-21.475
149.92,-21.475
149.91,-21.483
149.92,-21.483
149.88,-21.492
149.93,-21.492
149.91,-21.5
149.48,-21.608
149.47,-21.667
149.48,-21.833
149.78,-21.508
149.72,-21.517
149.72,-21.517
149.81,-21.525
149.82,-21.558
149.65,-21.592
149.81,-21.572
149.82,-21.575
149.82,-21.583
149.82,-21.575
149.88,-21.592
149.77,-21.6
149.81,-21.575
149.83,-21.592
149.87,-21.6
149.77,-21.603
149.82,-21.6
149.78,-21.6
149.76,-21.608
149.79,-21.625
149.81,-21.625
149.5,-21.6
149.67,-21.65
149.82,-21.658
149.78,-21.683
149.63,-21.672
149.63,-21.675
149.68,-21.7
149.54,-21.683
149.67,-21.717
149.86,-21.733
149.59,-21.742
149.57,-21.75
149.63,-21.733
149.69,-21.745
149.77,-21.672
149.7,-21.792
149.79,-21.817
149.78,-21.817
149.56,-21.825
149.54,-21.85
149.82,-21.833
149.8,-21.833
149.63,-21.842
149.62,-21.85
149.61,-21.863
149.88,-21.9
149.63,-21.917
149.51,-21.925
149.65,-21.933
149.96,-21.917
149.73,-21.942
149.66,-21.95
149.53,-21.967
149.57,-21.958
149.6,-21.958
149.68,-21.958
149.82,-21.967
149.96,-21.958
149.89,-21.967
149.92,-21.983
149.88,-21.983
149.57,-21.983
149.67,-21.983
149.81,-21.992
149.85,-21.992
149.64,-21.992
149.19,-21.042
149.25,-21.192
149.33,-21.412
149.39,-21.475
149.49,-21.55
149.47,-21.608
149.45,-21.65
149.46,-21.683
149.47,-21.708
149.47,-21.742
149.47,-21.825
149.83,-21.6
149.5,-21.592
149.82,-21.617
150.08,-21.025
150.38,-21.025
150.35,-21.742
150.26,-21.067
150.31,-21.472
150.26,-21.483
150.27,-21.508
150.26,-21.517
150.15,-21.525
150.25,-21.617
150.22,-21.642
150.22,-21.65
150.34,-21.658
150.32,-21.662
150.32,-21.658
150.35,-21.672
150.29,-21.667
150.22,-21.683
150.27,-21.692
150.29,-21.692
150.35,-21.717
150.32,-21.733
150.29,-21.75
150.32,-21.742
150.44,-21.75
150.43,-21.758
150.1,-21.8
150.16,-21.8
150.13,-21.85
150.42,-21.862
150.17,-21.892
150.22,-21.917
150.47,-21.95
150.09,-21.942
150.13,-21.95
150.1,-21.925
150.12,-21.925
150.15,-21.983
150.15,-21.958
150.2,-21.967
150.16,-21.975
150.19,-21.975
150.17,-21.992
150.19,-21.983
150.68,-21.958
150.38,-21.975
150.13,-21.992
150.59,-21.978
150.59,-21.983
150.67,-21.992
150.52,-21.017
150.51,-21.05
150.45,-21.083
150.48,-21.125
150.61,-21.017
150.69,-21.058
150.87,-21.033
150.93,-21.025
150.78,-21.058
150.83,-21.075
150.78,-21.092
150.9,-21.117
150.83,-21.133
150.79,-21.133
150.76,-21.133
150.67,-21.175
150.86,-21.142
150.85,-21.158
150.93,-21.167
150.88,-21.192
150.93,-21.192
150.82,-21.2
150.79,-21.217
150.77,-21.225
150.88,-21.225
150.9,-21.25
150.92,-21.258
150.93,-21.275
150.94,-21.308
150.78,-21.342
150.98,-21.392
150.15,-21.533
150.41,-21.755
150.43,-21.767
150.43,-21.775
150.14,-21.992
150.69,-21.942
150.24,-21.117
151.17,-21.325
149.85,-21.667
151.99,-21.208
151.84,-21.242
151.4,-21.517
151.38,-21.608
151.25,-21.817
151.56,-21.708
151,-21.117
151.32,-21.025
151.42,-21.017
151.45,-21.013
151.56,-21.042
151.17,-21.017
151.11,-21.033
151.15,-21.042
151.28,-21.042
151.41,-21.042
151.47,-21.042
151.42,-21.042
151.38,-21.05
151.07,-21.075
151.5,-21.042
151.44,-21.072
151.37,-21.083
151.24,-21.1
151.47,-21.108
151.22,-21.125
151.21,-21.125
151.13,-21.125
151.07,-21.125
151.18,-21.142
151.35,-21.142
151.3,-21.15
151.37,-21.175
151.43,-21.175
151.04,-21.175
151.01,-21.217
151.22,-21.2
151.28,-21.2
151.19,-21.217
151.41,-21.217
151.4,-21.242
151.3,-21.25
151.18,-21.258
151.12,-21.258
151.38,-21.267
151.21,-21.3
151.11,-21.292
151.12,-21.325
151.07,-21.342
151.28,-21.342
151.37,-21.367
151.33,-21.4
151.25,-21.383
151.28,-21.392
151.48,-21.358
151.43,-21.383
151.42,-21.4
151.42,-21.433
151.47,-21.475
151.28,-21.483
151.2,-21.492
151.56,-21.008
151.57,-21.042
151.57,-21.05
151.62,-21.075
151.64,-21.083
151.67,-21.075
151.69,-21.083
151.72,-21.1
151.73,-21.108
151.76,-21.117
151.78,-21.125
151.58,-21.133
151.56,-21.158
151.69,-21.167
151.71,-21.153
151.76,-21.15
151.78,-21.15
151.8,-21.167
151.56,-21.183
151.82,-21.183
151.55,-21.208
151.57,-21.208
151.53,-21.217
151.82,-21.208
151.55,-21.233
151.98,-21.225
151.69,-21.242
151.67,-21.25
151.56,-21.258
151.56,-21.308
151.68,-21.292
151.64,-21.325
151.6,-21.333
151.7,-21.333
151.62,-21.342
151.72,-21.35
151.83,-21.342
151.86,-21.375
151.67,-21.383
151.71,-21.375
151.69,-21.383
151.9,-21.4
151.79,-21.417
151.64,-21.417
151.58,-21.45
151.68,-21.458
151.92,-21.45
151.86,-21.458
151.47,-21.55
151.62,-21.5
151.97,-21.508
151.81,-21.517
151.66,-21.517
151.54,-21.525
151.78,-21.533
151.92,-21.533
151.71,-21.567
151.62,-21.583
151.78,-21.583
151.93,-21.583
151.93,-21.6
151.52,-21.625
151.58,-21.625
151.62,-21.633
151.79,-21.633
151.61,-21.65
151.69,-21.658
151.96,-21.767
151.92,-21.65
151.97,-21.65
151.57,-21.675
151.62,-21.675
151.74,-21.708
151.86,-21.7
151.98,-21.717
151.94,-21.742
151.78,-21.758
151.88,-21.808
151.98,-21.833
151.93,-21.883
151.3,-21.5
151.47,-21.517
151.93,-21.267
151.68,-21.4
151.97,-21.433
151.58,-21.583
151.7,-21.667
151.92,-21.733
151.53,-21.7
151.08,-21.8
152.07,-21.108
152.02,-21.217
152.33,-21.283
152.03,-21.383
152.78,-21.117
152.56,-21.492
152.38,-21.608
152.4,-21.633
152.34,-21.667
152.44,-21.683
152.43,-21.733
152.42,-21.758
152.42,-21.775
152.45,-21.783
152.38,-21.8
152.43,-21.825
152.37,-21.892
152.44,-21.883
152.38,-21.925
152.43,-21.925
152.46,-21.942
152.43,-21.95
152.46,-21.967
152.47,-21.983
152.56,-21.725
152.5,-21.775
152.59,-21.792
152.63,-21.825
152.63,-21.85
152.51,-21.875
152.66,-21.9
152.52,-21.925
152.67,-21.917
152.68,-21.942
152.6,-21.958
152.7,-21.967
152.65,-21.983
152.54,-21.975
152.11,-21
152.53,-21
152.47,-21
152.49,-21.008
152.2,-21.017
152.23,-21.017
152.07,-21.033
152.09,-21.033
152.21,-21.05
152.19,-21.067
152.23,-21.067
152.46,-21.067
152.2,-21.075
152.28,-21.083
152.5,-21.083
152.48,-21.1
152.14,-21.092
152.17,-21.1
152.26,-21.1
152.31,-21.108
152.35,-21.1
152.16,-21.1
152.2,-21.1
152.32,-21.117
152.39,-21.122
152.47,-21.125
152.48,-21.133
152.18,-21.142
152.15,-21.167
152.43,-21.142
152.31,-21.158
152.19,-21.167
152.48,-21.167
152.09,-21.2
152.37,-21.175
152.4,-21.175
152.3,-21.183
152.46,-21.183
152.33,-21.192
152.31,-21.2
152.5,-21.208
152.49,-21.22
152.24,-21.217
152.42,-21.233
152.47,-21.242
152.52,-21.242
152.28,-21.258
152.31,-21.275
152.23,-21.3
152.05,-21.308
152.07,-21.308
152.44,-21.308
152.48,-21.317
152.18,-21.342
152.22,-21.342
152.32,-21.333
152.4,-21.333
152.34,-21.342
152.25,-21.35
152.28,-21.367
152.35,-21.35
152.42,-21.358
152.48,-21.358
152.14,-21.367
152.21,-21.4
152.26,-21.4
152.37,-21.408
152.45,-21.417
152.48,-21.417
152.41,-21.425
152.34,-21.425
152.12,-21.442
152.41,-21.45
115.45,-20.583
115.3,-20.667
116.92,-20.583
116.92,-20.583
116.33,-20.333
123.15,-15.517
122.23,-17.967
123.62,-16.1
122.13,-16.867
122.17,-16.867
118.93,-17.583
119.6,-17.117
119.33,-17.167
122.17,-17.9
121.85,-14
121.85,-14.617
123.55,-14.117
132.25,-11.25
114,-21.783
115.52,-32
115.52,-32
115.52,-32
115.52,-32
115.75,-31.717
113.78,-28.727
113.83,-28.683
113.83,-28.552
113.88,-28.552
113.71,-28.444
114.03,-28.797
113.59,-28.32
113.7,-28.482
113.88,-28.63
113.83,-28.709
113.86,-28.886
113.9,-28.907
113.96,-28.957
113.89,-28.898
113.97,-28.868
113.81,-28.468
113.68,-28.529
113.8,-28.75
113.81,-28.747
113.78,-28.715
113.87,-28.695
113.53,-28.383
113.77,-28.471
113.73,-28.583
113.6,-28.417
154.72,-3.4333
154.53,-3.1833
150.43,-2.3667
150.13,-2.3667
150.42,-2.4
149.97,-2.4333
149.67,-2.6667
150.6,-2.6833
149.83,-5.1333
145.82,-5.0728
145.82,-5.0792
145.82,-5.0765
145.81,-5.1583
145.83,-5.189
147.27,-5.4333
146,-6.3167
147.9,-6.6
151.58,-4.1667
152.33,-4.1667
144.88,-4.175
145,-4.1333
146.03,-4.7667
144.87,-3.9333
143.23,-9.2333
146.88,-9.2357
146.89,-9.4195
147.03,-9.5082
151.03,-9.95
146.12,-5.2833
147.12,-7.0833
147.37,-7.4833
152.43,-4.3167
149.52,-4.75
150.42,-5.4833
147.82,-2.3667
147.3,-2.6167
147.22,-9.6
147.12,-9.5187
147.48,-9.7697
147.5,-9.8608
147.48,-9.8635
147.32,-9.5833
147.36,-9.6895
147.34,-9.6325
147.48,-9.9833
147.27,-2.1333
142.85,-1.7333
150.43,-9.55
150.15,-9.4167
150.7,-9.3167
150.82,-9.7367
150.81,-9.6635
150.87,-9.7352
150.74,-9.7328
150.95,-9.6207
150.95,-9.6207
150.94,-9.626
150.94,-9.4528
150.93,-9.4477
150.76,-9.4013
150.5,-9.3068
150.41,-9.359
150.36,-9.3697
150.37,-9.4677
150.46,-9.5617
150.44,-9.6048
151.02,-11.067
152.88,-11.283
153.62,-11.6
154.15,-11.417
151.42,-11.283
151.8,-11.283
151,-10.655
151,-10.655
151.07,-10.661
153,-10.9
150.75,-10.518
150.77,-10.608
150.77,-10.608
150.65,-10.581
150.79,-10.656
150.99,-10.24
150.97,-10.269
150.95,-10.016
150.83,-10.003
150.53,-10.208
150.53,-10.208
150.72,-10.264
150.72,-10.26
150.72,-10.26
150.72,-10.261
150.78,-10.252
150.78,-10.252
150.9,-10.21
150.9,-10.21
150.9,-10.205
150.78,-10.252
150.45,-10.31
150.41,-10.406
151.13,-10.117
151.87,-10.817
151.13,-10.833
151.2,-10.575
151.28,-10.58
151.37,-10.615
151.71,-10.766
151.82,-10.782
151.9,-10.794
152,-10.786
151.72,-10.734
151.31,-10.42
151.04,-10.277
151.02,-10.265
151.05,-10.25
151.91,-10.237
152.78,-10.717
150.67,-10.617
150.62,-10.2
147.08,-7.05
147.12,-6.8667
147.1,-6.85
147.02,-6.9833
146.1,-4.7667
144.8,-3.6667
144.6,-3.5667
144.1,-3.2833
150.78,-10.617
150.92,-10.367
151.27,-10.683
149.92,-2.4667
150.05,-2.55
150.17,-2.35
150.33,-2.3667
150.43,-2.4167
150.53,-2.6167
150.08,-2.4
150.77,-2.9833
150.73,-2.6833
150.77,-2.5667
150.73,-2.5167
150.62,-2.7167
150.57,-2.6833
150.65,-2.6667
155.42,-4.75
157.25,-5
144.42,-1.1833
145.15,-1.5333
145.53,-0.93333
147.18,-9.5167
147.18,-9.5167
147.18,-9.5167
147.18,-9.5167
147.18,-9.5167
147.18,-9.5167
147.18,-9.5167
147.18,-9.5167
147.18,-9.5167
155.5,-10.933
151.97,-9
152,-9.45
152.6,-9.45
152.72,-9.2
153.62,-9.3167
150.33,-8.4167
151.33,-8.6833
148.57,-5.3667
143.42,-9.0667
170.66,-14.251
NaN,NaN
169.58,-0.86667
174.48,-0.83333
175.57,-1.9
176,-1.35
176.9,-2.65
176.02,-2.5333
174.9,-1.4167
174.2,-35.25
177.18,-17
177.4,-17
177.13,-17.617
177.15,-17.817
177.13,-17.833
177.78,-17.333
177.18,-17.867
177.22,-17.767
177.25,-17.6
178,-17.8
178.97,-17.483
178.8,-17.7
178.68,-17.617
178,-17.367
178.05,-17.333
178.98,-17.433
179.42,-17.8
179.28,-17.683
179.43,-17.333
179.2,-17.833
179.03,-17.567
177,-18.083
179.9,-17
177.3,-16.617
178.3,-16.867
178.28,-16.833
180,-16.5
179.22,-16.583
179.05,-16.433
179.02,-16.417
179.33,-16.367
179.38,-16.283
179.45,-16.267
179.63,-16.217
179.65,-16.2
179.63,-16.217
179.68,-16.183
179.63,-16.133
179.8,-16.183
179.87,-16.2
178.55,-16.65
178.7,-16.65
178.75,-16.617
178.77,-16.617
178.72,-16.583
178.75,-16.567
179.86,-16.57
179.98,-16.967
178.13,-18.4
177.55,-18.2
177.67,-18.567
178.5,-18.75
178.5,-18.667
179.33,-18.283
178.5,-18.667
178.5,-18.75
179.9,-18.6
179.3,-18
178.58,-20.5
178.45,-18.15
178.02,-18.4
178.05,-18.417
179.37,-18.133
178.53,-18.833
178.53,-18.833
178.3,-19.05
178.07,-19.05
178.47,-19.183
178.75,-20.8
179.37,-17.667
178.78,-17.783
178.75,-17.833
177.55,-18.2
179.75,-19.183
178.65,-18
178.75,-18
178.52,-18.183
178.52,-18.183
178.48,-18.167
178.62,-18.15
178.62,-18.167
178.6,-18.167
178.5,-18.183
180.15,-18.217
178.68,-18.017
178.38,-18.167
178.42,-17.15
178.37,-18.189
179.1,-17.117
179.1,-17.117
179.23,-16.183
179.3,-16.333
179.07,-16.3
179.95,-16.683
177.65,-18.533
177.65,-18.533
177.65,-18.533
178.78,-17.767
178.62,-17.917
178.62,-17.983
178.62,-17.683
178.6,-17.733
178.62,-17.767
178.72,-17.6
178.65,-17.833
178.07,-17.367
178.18,-17.317
178.28,-17.333
178.28,-17.283
177.38,-17.8
177.45,-17.617
177.98,-17.333
178.63,-17.85
177.98,-18.317
178.02,-18.4
178.02,-18.5
178.05,-18.417
177.8,-18.283
177.3,-18.133
178.33,-16.833
166.95,-0.51667
166.37,-22.417
167.02,-22.283
166.92,-22.117
167.58,-21.067
166.48,-21.717
164.7,-21.133
163.42,-19.133
163.93,-20.15
164.57,-20.35
165.27,-20.783
166.37,-20.583
166.17,-20.383
167.33,-20.9
164.3,-20.25
158.33,-19.833
162.97,-18.15
165.22,-20.717
167.85,-21.617
167.13,-22.417
167.37,-22.583
166.42,-22.333
166.48,-22.467
166.33,-22.417
166.12,-22.167
166.5,-22.25
158.93,-21.233
168.97,-23.633
166.43,-22.317
158.73,-9.1
159.17,-9.0667
160.17,-8.3
162.67,-8.4
158,-8
157.18,-8.6
157.05,-8.6833
156.52,-8.0667
156.5,-8.2833
157.87,-8.5167
156.55,-7.6167
156.95,-7.85
157.68,-7.4333
159.37,-6.2333
166.18,-10.317
166.15,-10.867
162.47,-10.867
166.85,-11.65
168.75,-11.833
161.7,-10.283
160.07,-8.9833
159.98,-8.9333
159.23,-9.1167
160.5,-9
160.17,-9.15
160.35,-9.2
160.2,-9.15
157.18,-6.9667
160.15,-9.8667
159.97,-9.4333
160.75,-9.9333
158.93,-8.0667
159.58,-8.4833
158.95,-7.6667
158.95,-7.6667
157.98,-7.5
158.04,-7.457
158.06,-7.48
158.8,-7.5833
158.67,-7.498
158.71,-7.4967
158.67,-7.498
158.66,-7.4995
158.08,-7.3167
158.16,-7.3803
158.11,-7.375
158.08,-7.3667
158.09,-7.3825
158.16,-7.4003
158.16,-7.4003
161.78,-10.733
160.85,-9.15
159.27,-5.2667
159.77,-11.367
160.22,-11.683
170,-11.25
170.33,-11.583
166.5,-11.333
158.72,-7.5203
158.73,-7.53
158.71,-7.5405
158.85,-7.4875
155.55,-7.4333
155.75,-7.0833
156.5,-7.85
156,-7.0333
156.77,-8.0833
157.22,-8.3167
157.1,-8.25
157.62,-8.1333
158.18,-8.6
158.28,-8.8333
158.23,-8.85
158.03,-8.4833
156.02,-6.8667
156.07,-6.7167
176.1,-5.6667
177.15,-7.2167
178.68,-7.5
176.33,-6.3
177.33,-6.1
179.83,-9.3667
178.38,-8
179,-8
179.2,-8.5
179.47,-10.783
168.98,-18.833
169.12,-18.833
169.62,-19.267
167.68,-16.567
168,-16
168.25,-16.483
168.35,-16.533
168.57,-16.95
168.57,-16.917
168.53,-16.867
168.43,-16.783
167.37,-16.433
168.4,-17.8
168.57,-17
168.12,-15.633
167.23,-15.383
167.35,-15.933
166.98,-15
167.23,-15.383
167.23,-15.4
167.2,-15.617
168.07,-15.533
167.02,-15
168.18,-15.6
167.28,-15.683
167.22,-15.55
167.25,-15.733
167.43,-14.25
167,-15.983
167.5,-13.583
168.13,-16.25
169.73,-20.283
169.73,-20.283
169.85,-20.133
169.75,-20.267
167.8,-14.3
167.52,-14.283
168.05,-14.467
167.45,-13.833
167.68,-13.85
167.33,-13.567
167.63,-13.267
167.62,-13.683
168.28,-17.55
168.2,-17.65
168.18,-17.65
168.35,-17.467
168.4,-17.467
168.48,-17.5
168.43,-17.267
168.3,-17.067
168.37,-17.083
168.22,-16.733
168.2,-16.633
167.2,-15.4
167.28,-15.617
167.22,-15.517
168.22,-17.583
168.45,-17.15
167.28,-15.9
167.37,-15.967
167.45,-16.617
167.4,-16.017
167.5,-16.05
167.43,-16.1
167.79,-16.45
167.87,-16.583
167.58,-16.117
167.83,-16.417
167.88,-16.55
167.85,-16.617
167.87,-16.467
167.85,-16.5
167.83,-16.483
167.85,-16.533
167.83,-16.483
168.27,-17.55
168.28,-17.55
168.2,-15.767
168.22,-16.033
168.57,-17.033
168.17,-15.2
167.18,-15.233
169.33,-19.517
169.28,-19.6
169.25,-19.367
169.47,-19.667
169.5,-19.55
168.63,-17.05
166.68,-13.45
166.6,-13.4
166.65,-13.333
166.57,-13.317
166.63,-13.25
166.57,-13.15
